,meanWaitTime,action,dispersion,headwaySD
0,11.083333333333334,Skip,0,0
1,11.083333333333334,Skip,0,2386.040541744368
2,14.083333333333334,Hold,0,2368.306303416614
3,31.25,Skip,8.33333333333333,2125.112214123658
4,34.0,Hold,8.33333333333333,2080.723332629999
5,51.416666666666664,No action,8.33333333333333,1894.2430137513159
6,52.333333333333336,Hold,8.33333333333333,1885.0065306256165
7,56.0,Skip,8.33333333333333,1847.3912255649109
8,70.66666666666667,Hold,8.33333333333333,1694.8649240227203
9,72.5,No action,8.33333333333333,1687.5201035401724
10,74.33333333333333,Hold,8.33333333333333,1701.6929297940983
11,76.41666666666667,Skip,4.566666666666666,1716.360339066913
12,72.66666666666667,Hold,5.80392156862745,1545.8878561531126
13,78.66666666666667,Hold,5.80392156862745,1440.589494650444
14,80.16666666666667,Hold,5.80392156862745,1424.7873926562106
15,84.66666666666667,Skip,5.729166666666668,1386.739342141205
16,93.66666666666667,Hold,5.729166666666668,1302.3963983709243
17,96.66666666666667,Skip,5.729166666666668,1315.5050839930477
18,101.91666666666667,No action,5.729166666666668,1377.148111592294
19,96.66666666666667,Hold,9.507751937984493,1473.1083505820457
20,99.41666666666667,Hold,9.507751937984493,1487.3702295989838
21,101.41666666666667,No action,8.115942028985504,1460.1271615589965
22,88.0,No action,7.137254901960785,1164.796802599778
23,81.16666666666667,No action,11.154320987654321,1460.9355456781345
24,80.41666666666667,Hold,11.23577235772358,1457.8778514998742
25,81.91666666666667,No action,11.154320987654321,1414.2727365926748
26,82.41666666666667,Skip,11.154320987654321,1397.5080865898417
27,90.75,No action,11.554852320675108,1207.4648443294552
28,93.66666666666667,Hold,14.64341085271318,1245.7311488148457
29,84.58333333333333,Hold,17.112903225806452,1277.5385970268505
30,84.66666666666667,No action,18.156140350877187,1293.321746407504
31,75.5,Skip,18.073333333333334,1391.8356605193492
32,81.83333333333333,Hold,16.1875,1410.3860965917404
33,89.16666666666667,Hold,15.69931271477663,1264.297232322069
34,91.58333333333333,No action,14.933333333333334,1223.0481139643186
35,92.16666666666667,Skip,14.933333333333334,1227.9821486651074
36,95.08333333333333,Hold,19.163608562691127,1280.1514238436878
37,75.58333333333333,Skip,19.163608562691127,1312.7123011887818
38,86.0,Hold,15.820512820512821,1367.215351870979
39,95.25,No action,15.820512820512821,1220.8270738697813
40,93.75,Skip,21.139393939393944,1249.6270019481572
41,72.0,No action,23.29824561403509,1267.935623151518
42,71.91666666666667,Skip,22.20833333333333,1282.278504784884
43,83.66666666666667,Hold,17.080952380952382,1304.486450151351
44,85.16666666666667,Hold,17.080952380952382,1274.1532518688243
45,77.0,Hold,15.75925925925926,1260.3965314762634
46,80.66666666666667,Skip,15.72955974842767,1210.2534152191006
47,82.0,No action,15.72955974842767,1193.8353917243232
48,82.08333333333333,Skip,15.61635220125786,1089.510994092334
49,91.41666666666667,No action,15.61635220125786,1006.4738814437112
50,68.08333333333333,Hold,20.198550724637677,1044.7779257098114
51,68.91666666666667,Hold,19.140117994100297,1047.8093740623972
52,70.08333333333333,Hold,15.328746177370027,1054.708852876565
53,80.16666666666667,Skip,13.603975535168194,1030.8807165412138
54,80.83333333333333,Skip,13.603975535168194,1023.6753608185338
55,87.33333333333333,No action,13.603975535168194,971.1979656495515
56,90.25,Hold,9.01360544217687,1032.3864473103426
57,91.75,Hold,9.01360544217687,1044.0337493676132
58,92.08333333333333,Hold,7.8238095238095235,1051.3190321487575
59,60.833333333333336,Skip,6.752252252252252,1049.2159545208347
60,61.833333333333336,Skip,6.752252252252252,1033.3412699990947
61,69.25,No action,6.752252252252252,1038.2761004803046
62,61.75,Hold,5.333333333333332,1107.5960946593966
63,62.75,Hold,4.839743589743589,1136.6426765546566
64,63.25,Hold,4.839743589743589,1148.9688365983745
65,64.25,Skip,4.839743589743589,1162.492657593826
66,67.75,Skip,4.901960784313725,1069.6401501337832
67,75.75,Hold,4.901960784313725,913.5815558490333
68,79.83333333333333,Hold,5.136963696369637,1023.0883281423029
69,81.0,Skip,5.136963696369637,1051.6320358351904
70,84.5,Hold,4.870748299319728,1142.08708255676
71,85.66666666666667,No action,4.870748299319728,1167.5248523940193
72,86.75,Skip,5.25,1150.982929650904
73,98.25,Hold,5.25,1093.250455001975
74,99.25,No action,5.25,1129.010735840806
75,102.25,No action,6.155555555555555,1210.8236129350005
76,102.75,Skip,6.155555555555555,1224.883401123568
77,81.5,Skip,7.134408602150537,1299.96939395801
78,90.0,Hold,6.797101449275361,1280.0118698264143
79,92.91666666666667,Hold,7.533333333333333,1267.460181643984
80,94.5,Skip,7.415750915750916,1294.8571084565406
81,96.0,Skip,7.415750915750916,1276.7071420437649
82,99.5,Skip,7.39247311827957,1144.2369911098199
83,106.91666666666667,Hold,7.39247311827957,1206.9628579943553
84,112.91666666666667,Hold,7.666666666666665,1341.4353991812054
85,91.25,Hold,7.987719298245613,1342.7960164598796
86,86.91666666666667,Skip,7.768707482993197,1336.6867651596071
87,67.66666666666667,Skip,7.801282051282052,1190.0939808965732
88,79.91666666666667,Hold,7.801282051282052,1294.620470148797
89,80.5,Hold,7.801282051282052,1285.9522610771025
90,70.66666666666667,Skip,8.42966360856269,1252.7517603578576
91,60.916666666666664,Hold,9.15781710914454,1200.1907245940877
92,61.5,Skip,9.368421052631579,1184.7356673199558
93,62.083333333333336,Skip,9.368421052631579,1171.3359631825062
94,66.41666666666667,No action,9.386904761904761,860.722528986738
95,57.5,Hold,11.527548209366389,1163.8826844091957
96,59.5,No action,11.527548209366389,1138.29486627382
97,49.75,No action,13.441025641025641,1038.0056551438756
98,50.0,No action,13.969696969696969,1021.3780280431595
99,46.25,Skip,14.532338308457712,1005.5710930601687
100,35.833333333333336,No action,14.480392156862745,880.7679179729148
101,41.833333333333336,Hold,15.099520383693042,930.2189023487014
102,42.833333333333336,No action,15.099520383693042,930.701359209404
103,41.5,Hold,15.246376811594203,926.2479713348393
104,39.166666666666664,No action,14.129353233830848,885.1313324144601
105,28.333333333333332,Skip,12.807291666666668,905.7866230715846
106,28.583333333333332,Skip,12.807291666666668,908.1809566330331
107,36.0,No action,12.807291666666668,801.7841068587796
108,36.416666666666664,No action,12.807291666666668,802.8200659127583
109,20.916666666666668,Hold,10.385964912280702,848.307954863198
110,21.583333333333332,No action,8.880503144654087,869.3274129991714
111,15.666666666666666,Skip,6.873333333333333,1027.278985750652
112,18.916666666666668,Hold,6.95874587458746,1045.066154845751
113,20.166666666666668,No action,6.95874587458746,984.7506782987989
114,21.416666666666668,No action,5.873737373737374,902.9357633565254
115,21.666666666666668,No action,5.873737373737374,898.3682256051147
116,9.5,No action,5.604166666666667,960.5321435514865
117,14.333333333333334,Skip,5.083333333333334,936.1726369938682
118,18.083333333333332,No action,5.083333333333334,948.4416404707364
119,19.333333333333332,No action,5.214859437751003,945.6127050524713
120,23.666666666666668,No action,3.81904761904762,866.0835527213882
121,25.583333333333332,Skip,3.6243781094527363,813.4461378127626
122,34.666666666666664,No action,3.645833333333334,655.4587311824556
123,28.75,Hold,3.645833333333334,734.9052664506737
124,30.75,No action,3.645833333333334,778.782727301229
125,29.5,No action,2.7288557213930345,757.7298037475522
126,34.083333333333336,Hold,3.134920634920635,766.4036125199949
127,34.666666666666664,Skip,3.134920634920635,768.37710628151
128,38.166666666666664,No action,3.505649717514124,782.6354145088304
129,33.833333333333336,Hold,2.6309523809523805,833.2503510165146
130,38.333333333333336,Hold,2.412280701754386,678.2489593471447
131,44.75,No action,3.0740740740740744,658.6299787080637
132,47.666666666666664,No action,3.6372549019607843,706.4953804582793
133,48.833333333333336,No action,3.6372549019607843,728.2296412869287
134,40.416666666666664,Skip,4.62962962962963,740.2637519271988
135,45.833333333333336,Hold,4.2592592592592595,678.8516150425622
136,48.333333333333336,Hold,4.5062893081761,619.1173344416441
137,50.333333333333336,Skip,4.892156862745098,604.85925067982
138,50.833333333333336,No action,4.892156862745098,601.7382263393523
139,41.333333333333336,No action,3.1594202898550727,520.5826461393866
140,36.416666666666664,Skip,2.6811594202898545,498.138899038883
141,38.916666666666664,Hold,2.6811594202898545,486.0708855806787
142,44.166666666666664,No action,2.4858156028368796,612.1677683120743
143,45.166666666666664,No action,2.4858156028368796,604.0217824841127
144,43.0,Hold,4.303921568627452,601.6964430623607
145,32.0,No action,4.669696969696971,675.4723939275273
146,35.5,Skip,5.564102564102565,652.0632385116312
147,37.666666666666664,Hold,5.564102564102565,629.4273078665502
148,38.833333333333336,Hold,5.564102564102565,608.059006066733
149,43.166666666666664,No action,6.1466666666666665,599.1949644918377
150,34.25,Hold,14.666666666666666,641.371211551491
151,36.25,Skip,13.484848484848486,668.3669263841084
152,41.833333333333336,Skip,11.488095238095237,681.8565339096856
153,47.666666666666664,Hold,11.488095238095237,639.3432560074867
154,48.833333333333336,Hold,11.488095238095237,625.2876504452644
155,45.5,No action,11.219298245614034,607.8608524085913
156,34.75,Hold,13.033333333333335,595.3712846986623
157,44.666666666666664,Skip,13.033333333333335,620.800365248279
158,46.0,No action,13.678160919540234,597.7196130446297
159,38.25,Hold,14.31920903954802,592.6208020288632
160,38.666666666666664,Hold,13.043859649122808,591.7683447720248
161,44.5,Hold,13.064102564102567,545.2824084290836
162,51.5,No action,13.064102564102567,610.1346904965121
163,40.916666666666664,No action,12.42156862745098,561.0328948288119
164,33.083333333333336,Skip,8.053459119496855,555.9576303969357
165,36.333333333333336,Hold,8.053459119496855,552.279087615868
166,45.083333333333336,Hold,8.813725490196079,585.3934131740415
167,45.75,No action,8.813725490196079,587.1055366969537
168,27.833333333333332,No action,6.692090395480223,586.9933320787198
169,21.75,No action,6.692090395480223,568.9889387504978
170,19.583333333333332,Skip,6.212121212121212,575.0704172728648
171,18.416666666666668,Hold,6.942922374429225,580.4375167209063
172,23.416666666666668,No action,6.942922374429225,555.3783953020338
173,18.416666666666668,Hold,6.076190476190476,560.519736146931
174,19.0,No action,5.578431372549019,566.1548496040054
175,16.833333333333332,No action,4.933333333333333,572.6128477821268
176,15.416666666666666,Skip,4.790476190476191,534.6393020719486
177,19.5,Hold,4.790476190476191,487.35019262171187
178,20.833333333333332,No action,4.790476190476191,492.871823596615
179,22.0,No action,4.243169398907105,524.0545646816521
180,22.583333333333332,Hold,4.243169398907105,523.7053156967532
181,20.166666666666668,No action,5.103174603174604,510.5960666016417
182,26.25,No action,4.892473118279571,499.0060768920717
183,26.083333333333332,Hold,4.254901960784314,465.29367450389145
184,26.583333333333332,No action,4.254901960784314,465.20077060698566
185,27.666666666666668,No action,3.9927536231884058,438.86088232630016
186,25.0,Hold,3.52051282051282,494.4058011411668
187,30.083333333333332,Hold,2.466666666666667,606.9563476428448
188,33.083333333333336,No action,2.2759562841530054,518.4524704455519
189,33.75,No action,2.4726775956284155,416.1286410133673
190,34.166666666666664,Hold,2.4726775956284155,404.90583779452015
191,31.666666666666668,Hold,3.0537634408602146,501.3635155082947
192,37.333333333333336,Hold,2.833333333333333,591.8336451173786
193,39.166666666666664,No action,2.833333333333333,518.3321034384453
194,39.666666666666664,Skip,2.833333333333333,501.5563463797766
195,31.416666666666668,No action,2.7021857923497272,439.0656069769411
196,20.583333333333332,Hold,2.8924731182795695,424.5075993977931
197,35.25,Hold,2.9523809523809526,590.6279771248244
198,38.583333333333336,Hold,2.7327044025157226,613.3691055144858
199,42.583333333333336,Skip,3.386666666666667,564.7256396332476
200,43.25,No action,3.386666666666667,545.9055255000425
201,34.25,No action,3.294871794871795,468.058336398439
202,30.083333333333332,Hold,3.0666666666666664,438.4731325794048
203,43.25,Hold,3.0666666666666664,593.2079397258894
204,40.333333333333336,Hold,3.0815602836879434,600.5460931542389
205,43.25,Skip,3.1594202898550727,559.0794901289016
206,45.0,No action,3.1594202898550727,506.94064821445363
207,36.416666666666664,No action,3.7156862745098036,457.20583994438186
208,34.833333333333336,Hold,4.107843137254902,450.18846954235624
209,49.166666666666664,Hold,4.107843137254902,621.63919345443
210,49.833333333333336,Hold,4.107843137254902,623.6498739576373
211,44.666666666666664,Skip,4.58843537414966,578.0247465269689
212,47.0,No action,4.58843537414966,520.4154703597121
213,48.166666666666664,No action,4.58843537414966,489.9161590974669
214,35.333333333333336,Hold,7.781609195402298,457.8115125462725
215,47.75,Hold,7.781609195402298,634.5008894357081
216,48.916666666666664,Hold,7.781609195402298,629.076103248223
217,48.75,Skip,8.412280701754387,590.6766832797151
218,51.75,No action,8.412280701754387,543.0905991212932
219,52.25,No action,8.412280701754387,528.5250052642068
220,26.916666666666668,Hold,8.217514124293784,468.51991770829983
221,37.0,Hold,8.217514124293784,623.8990102396824
222,39.916666666666664,Skip,9.095238095238095,585.8391320070652
223,44.0,No action,9.095238095238095,511.1959031189814
224,36.333333333333336,No action,9.031073446327682,482.55174842582977
225,24.333333333333332,Hold,8.106666666666666,480.211513484611
226,35.166666666666664,Hold,6.211111111111111,621.9709719454868
227,36.416666666666664,Hold,6.211111111111111,613.056897358962
228,37.75,No action,6.211111111111111,593.9741237507934
229,32.583333333333336,Skip,5.894557823129252,568.5716624142458
230,32.75,No action,5.946666666666667,399.5097275254811
231,34.5,Hold,5.251773049645391,380.84866860514927
232,42.083333333333336,No action,4.717054263565892,553.2764645821717
233,36.25,Hold,7.217948717948718,653.4531072002277
234,36.916666666666664,Hold,7.217948717948718,650.6267389242479
235,32.333333333333336,Skip,6.959119496855344,611.0047375914388
236,41.916666666666664,Hold,6.959119496855344,524.5019879719423
237,43.416666666666664,No action,6.518518518518518,555.9421822891185
238,41.666666666666664,No action,6.518518518518518,745.5985758834945
239,42.166666666666664,Hold,6.518518518518518,751.4189171859259
240,43.166666666666664,Hold,6.518518518518518,748.146134577107
241,38.25,Skip,6.371794871794873,707.7531290006579
242,42.333333333333336,No action,6.371794871794873,602.7230775899952
243,37.583333333333336,Hold,5.990196078431373,496.2510538179425
244,42.083333333333336,No action,4.656028368794328,589.0971893744603
245,31.583333333333332,Hold,4.48581560283688,711.0034254135293
246,33.083333333333336,Hold,4.48581560283688,687.7712819270338
247,26.0,No action,4.487179487179487,603.5101673970005
248,20.25,No action,6.2333333333333325,433.9426194500182
249,21.25,Hold,7.259259259259259,448.936482528802
250,26.5,No action,6.887878787878789,631.9262508220631
251,28.5,Hold,6.99685534591195,636.1933344706107
252,29.75,Hold,6.99685534591195,627.2442238954712
253,29.166666666666668,Skip,7.0256410256410255,586.0180040948611
254,34.75,No action,6.619496855345912,388.9913259829872
255,23.25,Hold,6.619496855345912,364.7139875529115
256,24.083333333333332,No action,6.619496855345912,397.5822212307413
257,33.583333333333336,Hold,6.696078431372548,612.5313754874152
258,35.333333333333336,Hold,6.696078431372548,606.2102900815081
259,29.0,Skip,6.7407407407407405,581.0986852886721
260,30.666666666666668,No action,6.333333333333333,492.6390863502863
261,29.25,No action,6.468553459119497,366.6829072582514
262,19.666666666666668,Hold,5.429824561403509,344.9710083889545
263,31.416666666666668,No action,5.738095238095237,626.6025815054996
264,32.083333333333336,Hold,5.738095238095237,628.6491052587844
265,32.75,Hold,6.333333333333333,622.0775066455999
266,33.916666666666664,Skip,6.333333333333333,604.6221209495124
267,32.583333333333336,No action,6.37878787878788,476.93482635659166
268,33.083333333333336,Hold,6.06140350877193,461.90098508946744
269,34.416666666666664,No action,6.06140350877193,478.28051341140446
270,43.916666666666664,Hold,5.471751412429378,664.0288319060651
271,45.25,No action,5.471751412429378,677.6797397858925
272,46.583333333333336,Skip,6.523809523809523,689.7786479856617
273,41.333333333333336,Hold,5.025641025641027,724.2130211090436
274,41.833333333333336,Skip,5.025641025641027,700.6822053478727
275,49.25,Hold,5.025641025641027,551.3285009188436
276,56.166666666666664,Skip,4.833333333333333,612.9531146557199
277,58.5,No action,4.833333333333333,642.512104362912
278,59.083333333333336,Skip,4.833333333333333,642.5618050643816
279,34.833333333333336,No action,4.0964912280701755,667.7996930286253
280,32.333333333333336,No action,3.5666666666666664,613.0533973960751
281,32.75,Hold,3.5666666666666664,616.5234142524441
282,15.0,Skip,4.489583333333334,694.4153223186258
283,15.5,No action,4.086021505376343,714.9581086127835
284,16.0,Hold,4.086021505376343,721.9789046660375
285,14.583333333333334,Skip,3.7974358974358977,702.2035676038629
286,26.25,Hold,3.7974358974358977,771.5961914723306
287,27.833333333333332,Skip,3.7974358974358977,717.3217999641889
288,28.833333333333332,Hold,3.7974358974358977,701.6226497672665
289,31.166666666666668,Skip,3.927083333333334,695.3343645371267
290,34.083333333333336,Hold,3.8897435897435892,689.7708591221791
291,34.666666666666664,Skip,3.8897435897435892,679.7380209792125
292,48.666666666666664,Hold,3.6363636363636362,770.0507974298961
293,36.833333333333336,Skip,4.038812785388128,726.7871169073799
294,38.833333333333336,Hold,3.9166666666666665,701.6912590756331
295,33.833333333333336,Skip,4.02,695.24753816936
296,36.75,Skip,4.02,682.7945292212194
297,49.916666666666664,Hold,4.02,762.4168280408842
298,45.0,Skip,3.6666666666666665,722.2414056307899
299,46.5,Hold,3.5333333333333337,698.7632079697946
300,34.416666666666664,Skip,3.2716894977168947,695.5155360013325
301,34.916666666666664,Skip,3.2342342342342336,675.7721727814676
302,46.416666666666664,No action,3.531531531531532,680.5380057887124
303,47.583333333333336,No action,3.531531531531532,679.2577081986083
304,48.75,No action,3.436073059360731,679.1917572083374
305,38.333333333333336,No action,4.055555555555555,678.8256669216007
306,38.583333333333336,Skip,3.814553990610329,684.4820661119539
307,26.75,Hold,3.913333333333333,677.6496388734112
308,36.25,Hold,4.207207207207207,652.7985409154063
309,37.25,No action,4.207207207207207,641.5185919576999
310,30.583333333333332,Skip,8.047619047619047,646.9262245785611
311,32.25,Hold,8.047619047619047,629.2802251712062
312,34.916666666666664,Skip,8.047619047619047,545.7763829006283
313,42.833333333333336,No action,8.047619047619047,450.6920133919969
314,45.083333333333336,No action,8.138211382113823,453.30612005234434
315,37.5,No action,12.031835205992508,581.8650584257969
316,41.0,No action,12.87596899224806,462.42894359793894
317,41.666666666666664,No action,12.87596899224806,457.22008901348875
318,42.333333333333336,Skip,12.87596899224806,452.0747662860182
319,32.833333333333336,No action,12.75287356321839,448.4569141332037
320,24.833333333333332,Hold,13.242424242424246,520.1224933410323
321,26.0,No action,11.333333333333332,547.7051172120285
322,25.25,Hold,11.774774774774775,537.1734698730147
323,28.583333333333332,No action,11.774774774774775,542.2277561719955
324,34.25,No action,11.38,524.6788271089587
325,35.75,No action,11.38,526.7200938660136
326,25.0,No action,12.341666666666665,529.702605859938
327,28.833333333333332,Hold,11.769076305220883,546.5827740976314
328,32.333333333333336,No action,11.404761904761903,600.5759818635004
329,37.333333333333336,No action,11.209803921568628,535.4722040427129
330,37.833333333333336,No action,11.209803921568628,540.284049314884
331,28.416666666666668,Skip,12.57364341085271,580.7935309220709
332,32.0,Hold,9.833333333333334,631.9315753475912
333,37.416666666666664,Hold,9.080246913580247,500.7395857667105
334,31.916666666666668,No action,8.588353413654618,483.08882745741954
335,33.25,No action,8.588353413654618,483.4305963992111
336,33.75,No action,8.588353413654618,488.105018763759
337,25.833333333333332,Skip,6.491561181434599,502.45373901529643
338,30.25,Hold,6.491561181434599,459.6851348512798
339,32.25,No action,6.491561181434599,466.21691921625023
340,39.833333333333336,No action,6.491561181434599,400.00511161164707
341,40.5,Hold,6.491561181434599,394.64986473251616
342,30.25,No action,6.256410256410256,408.1970177772276
343,24.833333333333332,Hold,4.693693693693694,432.45732522620716
344,26.083333333333332,Skip,4.687793427230047,378.73132458106164
345,29.416666666666668,Hold,4.704761904761905,351.83851014742777
346,32.666666666666664,No action,5.007246376811595,465.70488687416696
347,33.166666666666664,No action,4.377934272300469,541.6632430445375
348,19.25,Hold,4.219047619047619,556.1942011094087
349,22.25,Skip,4.238095238095237,648.9857744798644
350,27.333333333333332,No action,4.415151515151515,672.3984648956059
351,27.916666666666668,Hold,4.415151515151515,657.4771039318045
352,24.0,Hold,3.6781609195402303,549.5150036765208
353,33.833333333333336,No action,3.9912280701754383,769.5635875482017
354,24.916666666666668,Skip,2.9195402298850572,811.11962461549
355,26.666666666666668,No action,2.9195402298850572,809.0744562479064
356,30.0,Hold,2.9,726.806397145116
357,32.916666666666664,Hold,3.630952380952381,774.0701564746327
358,34.25,No action,3.091954022988506,909.6802232686998
359,37.75,Hold,3.142424242424243,926.7074768891857
360,38.25,No action,3.142424242424243,929.2580060888067
361,38.833333333333336,Hold,3.4102564102564106,898.5502027888931
362,39.666666666666664,Hold,3.4102564102564106,889.6652837060946
363,41.333333333333336,Hold,3.480392156862745,882.6216605392674
364,48.416666666666664,No action,3.480392156862745,928.6758490243702
365,49.25,Skip,3.480392156862745,947.0622687478112
366,40.75,Hold,3.7807017543859645,969.4157771498318
367,41.75,Hold,3.7807017543859645,956.0113322137709
368,43.083333333333336,Hold,5.166666666666666,920.3944981287411
369,49.083333333333336,No action,5.506666666666666,891.027439724244
370,40.0,No action,5.445578231292518,908.2543524321321
371,41.0,Skip,5.416666666666667,924.434483932831
372,48.083333333333336,Hold,5.853741496598639,877.3439636846991
373,48.583333333333336,Hold,5.853741496598639,863.9913848289133
374,50.083333333333336,No action,7.666666666666668,831.3729856875863
375,46.0,Hold,7.804964539007093,830.4722381146737
376,40.0,Hold,8.64102564102564,857.2694058418562
377,42.0,Skip,8.64102564102564,815.4800385931491
378,50.0,No action,8.64102564102564,725.5647544229491
379,46.833333333333336,Hold,12.341269841269842,801.9738610893487
380,46.916666666666664,No action,13.212820512820512,810.7397132909847
381,39.083333333333336,Hold,17.694444444444446,852.7083070961692
382,45.583333333333336,No action,16.647619047619052,978.3211401346208
383,46.666666666666664,Skip,16.647619047619052,976.4470012378101
384,48.083333333333336,Hold,16.579601990049753,888.3853361116898
385,50.083333333333336,Hold,16.579601990049753,849.718136248884
386,52.583333333333336,Hold,16.049019607843135,846.896503040925
387,54.583333333333336,Skip,16.049019607843135,865.7578864517709
388,55.083333333333336,No action,16.049019607843135,864.6728567691721
389,38.666666666666664,Skip,17.730046948356804,850.7686691730133
390,44.75,Hold,17.161904761904765,877.2763087928544
391,48.75,Hold,17.702898550724637,962.811293776862
392,49.25,No action,17.702898550724637,971.0590421272603
393,50.25,Skip,17.702898550724637,974.4145755084791
394,47.0,Skip,18.114718614718612,912.4662599576617
395,49.5,No action,18.114718614718612,796.5531367136206
396,46.666666666666664,Hold,15.07619047619048,850.5769309516934
397,50.416666666666664,No action,15.07619047619048,943.6873046244442
398,48.25,No action,15.819634703196346,966.8745753421612
399,38.0,No action,10.430894308943092,1012.4924848106033
400,28.416666666666668,No action,8.5,963.4057789914413
401,13.333333333333334,No action,6.5166666666666675,1003.2324048009939
402,14.333333333333334,Hold,6.5166666666666675,1006.3904612342591
403,15.916666666666666,Hold,5.701754385964913,999.918799463322
404,16.416666666666668,Skip,5.701754385964913,999.9986942992313
405,17.333333333333332,No action,5.1190476190476195,1045.1446444105472
406,23.916666666666668,No action,5.723577235772358,898.639323076291
407,22.666666666666668,Hold,4.5,921.2906752200573
408,23.416666666666668,Hold,4.180180180180181,981.9436378282604
409,24.416666666666668,Skip,2.515151515151515,1107.250248797788
410,25.666666666666668,No action,2.370646766169154,1074.9974796209365
411,36.333333333333336,No action,2.370646766169154,1048.1472245441462
412,33.0,Hold,1.9666666666666668,1100.8313874854884
413,34.166666666666664,No action,1.9666666666666668,1106.1047449630155
414,30.0,Hold,1.8015873015873016,1107.7294680370348
415,31.083333333333332,Skip,1.3596491228070176,1082.3185196727356
416,31.916666666666668,No action,1.3596491228070176,1084.6023882217603
417,41.583333333333336,No action,1.9424242424242424,995.051129081761
418,39.416666666666664,Hold,1.962962962962963,1005.5021889598329
419,42.583333333333336,Hold,2.3333333333333335,1067.3415625995342
420,43.083333333333336,Skip,2.3333333333333335,1074.6630559339083
421,45.083333333333336,Skip,2.2555555555555555,1096.3695510551722
422,48.75,No action,2.2555555555555555,1062.990629047758
423,59.25,Hold,1.9420289855072466,1088.292618641025
424,59.916666666666664,Skip,1.9420289855072466,1094.5119667577217
425,64.58333333333333,No action,1.9888888888888887,1094.947032014437
426,65.25,No action,1.9888888888888887,1090.478074353453
427,66.58333333333333,No action,1.4612403100775193,1058.9897431867894
428,72.25,No action,1.532520325203252,1038.5244214397978
429,80.0,Hold,1.532520325203252,1037.0434674229136
430,81.75,No action,1.7820512820512822,1045.2616681090658
431,84.08333333333333,No action,0.7450980392156863,1064.4393194465265
432,58.416666666666664,No action,1.4035087719298247,1061.7962112887442
433,60.916666666666664,Hold,1.6981981981981977,1002.857460926305
434,61.416666666666664,No action,1.6981981981981977,1000.4288023909213
435,65.41666666666667,Hold,1.9848484848484846,1014.2115239194453
436,68.91666666666667,No action,2.166666666666667,989.7431080637476
437,53.75,Hold,3.6274509803921564,906.356274721216
438,57.083333333333336,No action,4.291666666666669,909.3207357638316
439,60.0,Hold,4.291666666666669,948.1962850208876
440,63.75,Hold,4.291666666666669,1004.4127034753557
441,66.25,Hold,4.291666666666669,1008.0512580157604
442,66.75,Skip,4.291666666666669,1001.3507414992042
443,74.75,Hold,4.2272727272727275,876.4037814135954
444,78.25,No action,4.2272727272727275,916.3721814626097
445,82.75,Hold,4.2272727272727275,963.7448796201273
446,85.41666666666667,Hold,4.354166666666668,989.0875341467558
447,89.5,No action,4.541666666666668,966.8782702957226
448,89.33333333333333,Skip,6.023809523809524,975.1859392519731
449,73.5,Hold,17.336477987421382,983.2186376057823
450,79.08333333333333,No action,16.641025641025646,1051.9898576132407
451,82.75,Hold,16.053459119496853,1016.516411445314
452,85.66666666666667,Hold,16.487179487179493,1003.8494064969523
453,67.25,No action,14.595238095238091,1019.8123222272783
454,68.25,Skip,14.595238095238091,1039.3528187189775
455,56.416666666666664,No action,23.557971014492754,1064.5163130021115
456,52.25,Hold,27.11111111111111,1035.4780547841387
457,62.0,Hold,25.607843137254896,1284.7194592955955
458,65.0,Hold,25.607843137254896,1336.9139346583352
459,65.66666666666667,No action,25.607843137254896,1331.5569425491917
460,61.333333333333336,Hold,23.983568075117365,1267.5787401867115
461,63.833333333333336,Skip,22.69369369369369,1224.8891676756894
462,66.33333333333333,Hold,22.313333333333336,1191.6224808559687
463,69.91666666666667,No action,22.313333333333336,1256.9264373604199
464,74.25,Hold,22.313333333333336,1292.7635339794967
465,76.58333333333333,No action,22.828828828828822,1300.1691077671042
466,77.91666666666667,Hold,22.313333333333336,1317.9161011505107
467,61.25,Hold,17.268115942028988,1443.840893358321
468,64.25,Skip,17.813725490196074,1378.6715772659538
469,68.0,Hold,17.813725490196074,1240.8108935836538
470,73.75,No action,17.23913043478261,1201.0529092322465
471,61.583333333333336,Hold,20.477477477477475,1244.5458864995867
472,64.58333333333333,Hold,15.876190476190475,1329.158137963886
473,42.583333333333336,Hold,13.952380952380953,1328.8392236388747
474,42.0,Skip,13.214285714285714,1232.8902773169114
475,45.0,Hold,12.786274509803924,1160.9473967487154
476,51.166666666666664,No action,11.155430711610485,1187.8441938575481
477,32.083333333333336,Hold,11.622222222222224,1251.699443672991
478,37.083333333333336,Hold,9.841365461847388,1366.9534763526149
479,34.583333333333336,Hold,9.821138211382117,1353.410715930195
480,35.0,Skip,9.821138211382117,1339.7409028926052
481,40.083333333333336,Hold,9.880952380952381,1125.4515265403484
482,40.833333333333336,No action,9.53921568627451,1110.418646434858
483,31.416666666666668,No action,7.541666666666666,1204.5292647761707
484,33.916666666666664,Hold,7.541666666666666,1251.9716757188326
485,38.083333333333336,Skip,8.051282051282051,1305.9189128612386
486,39.333333333333336,Hold,8.051282051282051,1294.7085911188249
487,42.416666666666664,No action,8.051282051282051,1233.077952284779
488,44.666666666666664,No action,6.997835497835497,1214.272850185703
489,50.666666666666664,No action,8.194444444444445,1125.4553458478927
490,54.25,Hold,7.8768115942028984,1161.9030396046153
491,57.583333333333336,Skip,8.196078431372547,1180.8380564296508
492,62.916666666666664,No action,8.196078431372547,1222.9316373277518
493,65.25,Hold,5.860215053763441,1218.9108367176016
494,67.58333333333333,Hold,6.4,1181.482555539399
495,69.33333333333333,Skip,6.25141242937853,1145.555447724011
496,74.58333333333333,No action,6.25141242937853,1077.263894520482
497,80.41666666666667,Skip,6.798245614035087,1026.340276397025
498,83.41666666666667,No action,6.798245614035087,1011.8667619584768
499,78.41666666666667,Hold,7.195402298850575,1101.7107672930695
500,80.08333333333333,No action,7.195402298850575,1072.8443994812926
